{
  "lang":"en",
  "name":"pipeline",
  "version":"0.0.0",
  "spacy_version":">=3.7.4,<3.8.0",
  "description":"",
  "author":"",
  "email":"",
  "url":"",
  "license":"",
  "spacy_git_version":"bff8725f4",
  "vectors":{
    "width":0,
    "vectors":0,
    "keys":0,
    "name":null,
    "mode":"default"
  },
  "labels":{
    "tok2vec":[

    ],
    "ner":[
      "BIOLOGICAL_STRUCTURE",
      "DIAGNOSTIC_PROCEDURE",
      "DISEASE_DISORDER",
      "MEDICATION",
      "SIGN_SYMPTOM"
    ]
  },
  "pipeline":[
    "tok2vec",
    "ner"
  ],
  "components":[
    "tok2vec",
    "ner"
  ],
  "disabled":[

  ],
  "performance":{
    "ents_f":0.9925886912,
    "ents_p":0.9927754365,
    "ents_r":0.9924020161,
    "ents_per_type":{
      "SIGN_SYMPTOM":{
        "p":0.9934737467,
        "r":0.9928846724,
        "f":0.9931791222
      },
      "BIOLOGICAL_STRUCTURE":{
        "p":0.9941959713,
        "r":0.9921635434,
        "f":0.9931787176
      },
      "DIAGNOSTIC_PROCEDURE":{
        "p":0.9923296077,
        "r":0.9921121823,
        "f":0.9922208831
      },
      "DISEASE_DISORDER":{
        "p":0.990363232,
        "r":0.9918337045,
        "f":0.9910979228
      },
      "MEDICATION":{
        "p":0.9916356877,
        "r":0.9934823091,
        "f":0.9925581395
      }
    },
    "tok2vec_loss":2143.6469751092,
    "ner_loss":1275.1518970494
  }
}